python.exe,bugdotjar.py,accumulo,0
python.exe,bugdotjar.py,accumulo,1
python.exe,bugdotjar.py,accumulo,2
python.exe,bugdotjar.py,accumulo,3
python.exe,bugdotjar.py,accumulo,4
python.exe,bugdotjar.py,accumulo,5
python.exe,bugdotjar.py,accumulo,6
python.exe,bugdotjar.py,accumulo,7
python.exe,bugdotjar.py,accumulo,8
python.exe,bugdotjar.py,accumulo,9
python.exe,bugdotjar.py,accumulo,10
python.exe,bugdotjar.py,accumulo,11
python.exe,bugdotjar.py,accumulo,12
python.exe,bugdotjar.py,accumulo,13
python.exe,bugdotjar.py,accumulo,14
python.exe,bugdotjar.py,accumulo,15
python.exe,bugdotjar.py,accumulo,16
python.exe,bugdotjar.py,accumulo,17
python.exe,bugdotjar.py,accumulo,18
python.exe,bugdotjar.py,accumulo,19
python.exe,bugdotjar.py,accumulo,20
python.exe,bugdotjar.py,accumulo,21
python.exe,bugdotjar.py,accumulo,22
python.exe,bugdotjar.py,accumulo,23
python.exe,bugdotjar.py,accumulo,24
python.exe,bugdotjar.py,accumulo,25
python.exe,bugdotjar.py,accumulo,26
python.exe,bugdotjar.py,accumulo,27
python.exe,bugdotjar.py,accumulo,28
python.exe,bugdotjar.py,accumulo,29
python.exe,bugdotjar.py,accumulo,30
python.exe,bugdotjar.py,accumulo,31
python.exe,bugdotjar.py,accumulo,32
python.exe,bugdotjar.py,accumulo,33
python.exe,bugdotjar.py,accumulo,34
python.exe,bugdotjar.py,accumulo,35
python.exe,bugdotjar.py,accumulo,36
python.exe,bugdotjar.py,accumulo,37
python.exe,bugdotjar.py,accumulo,38
python.exe,bugdotjar.py,accumulo,39
python.exe,bugdotjar.py,accumulo,40
python.exe,bugdotjar.py,accumulo,41
python.exe,bugdotjar.py,accumulo,42
python.exe,bugdotjar.py,accumulo,43
python.exe,bugdotjar.py,accumulo,44
python.exe,bugdotjar.py,accumulo,45
python.exe,bugdotjar.py,accumulo,46
python.exe,bugdotjar.py,accumulo,47
python.exe,bugdotjar.py,accumulo,48
python.exe,bugdotjar.py,accumulo,49
python.exe,bugdotjar.py,accumulo,50
python.exe,bugdotjar.py,accumulo,51
python.exe,bugdotjar.py,accumulo,52
python.exe,bugdotjar.py,accumulo,53
python.exe,bugdotjar.py,accumulo,54
python.exe,bugdotjar.py,accumulo,55
python.exe,bugdotjar.py,accumulo,56
python.exe,bugdotjar.py,accumulo,57
python.exe,bugdotjar.py,accumulo,58
python.exe,bugdotjar.py,accumulo,59
python.exe,bugdotjar.py,accumulo,60
python.exe,bugdotjar.py,accumulo,61
python.exe,bugdotjar.py,accumulo,62
python.exe,bugdotjar.py,accumulo,63
python.exe,bugdotjar.py,accumulo,64
python.exe,bugdotjar.py,accumulo,65
python.exe,bugdotjar.py,accumulo,66
python.exe,bugdotjar.py,accumulo,67
python.exe,bugdotjar.py,accumulo,68
python.exe,bugdotjar.py,accumulo,69
python.exe,bugdotjar.py,accumulo,70
python.exe,bugdotjar.py,accumulo,71
python.exe,bugdotjar.py,accumulo,72
python.exe,bugdotjar.py,accumulo,73
python.exe,bugdotjar.py,accumulo,74
python.exe,bugdotjar.py,accumulo,75
python.exe,bugdotjar.py,accumulo,76
python.exe,bugdotjar.py,accumulo,77
python.exe,bugdotjar.py,accumulo,78
python.exe,bugdotjar.py,accumulo,79
python.exe,bugdotjar.py,accumulo,80
python.exe,bugdotjar.py,accumulo,81
python.exe,bugdotjar.py,accumulo,82
python.exe,bugdotjar.py,accumulo,83
python.exe,bugdotjar.py,accumulo,84
python.exe,bugdotjar.py,accumulo,85
python.exe,bugdotjar.py,accumulo,86
python.exe,bugdotjar.py,accumulo,87
python.exe,bugdotjar.py,accumulo,88
python.exe,bugdotjar.py,accumulo,89
python.exe,bugdotjar.py,accumulo,90
python.exe,bugdotjar.py,accumulo,91
python.exe,bugdotjar.py,accumulo,92
python.exe,bugdotjar.py,accumulo,93
python.exe,bugdotjar.py,accumulo,94
python.exe,bugdotjar.py,accumulo,95
python.exe,bugdotjar.py,accumulo,96
python.exe,bugdotjar.py,accumulo,97
