python.exe,bugdotjar.py,camel,0
python.exe,bugdotjar.py,camel,1
python.exe,bugdotjar.py,camel,2
python.exe,bugdotjar.py,camel,3
python.exe,bugdotjar.py,camel,4
python.exe,bugdotjar.py,camel,5
python.exe,bugdotjar.py,camel,6
python.exe,bugdotjar.py,camel,7
python.exe,bugdotjar.py,camel,8
python.exe,bugdotjar.py,camel,9
python.exe,bugdotjar.py,camel,10
python.exe,bugdotjar.py,camel,11
python.exe,bugdotjar.py,camel,12
python.exe,bugdotjar.py,camel,13
python.exe,bugdotjar.py,camel,14
python.exe,bugdotjar.py,camel,15
python.exe,bugdotjar.py,camel,16
python.exe,bugdotjar.py,camel,17
python.exe,bugdotjar.py,camel,18
python.exe,bugdotjar.py,camel,19
python.exe,bugdotjar.py,camel,20
python.exe,bugdotjar.py,camel,21
python.exe,bugdotjar.py,camel,22
python.exe,bugdotjar.py,camel,23
python.exe,bugdotjar.py,camel,24
python.exe,bugdotjar.py,camel,25
python.exe,bugdotjar.py,camel,26
python.exe,bugdotjar.py,camel,27
python.exe,bugdotjar.py,camel,28
python.exe,bugdotjar.py,camel,29
python.exe,bugdotjar.py,camel,30
python.exe,bugdotjar.py,camel,31
python.exe,bugdotjar.py,camel,32
python.exe,bugdotjar.py,camel,33
python.exe,bugdotjar.py,camel,34
python.exe,bugdotjar.py,camel,35
python.exe,bugdotjar.py,camel,36
python.exe,bugdotjar.py,camel,37
python.exe,bugdotjar.py,camel,38
python.exe,bugdotjar.py,camel,39
python.exe,bugdotjar.py,camel,40
python.exe,bugdotjar.py,camel,41
python.exe,bugdotjar.py,camel,42
python.exe,bugdotjar.py,camel,43
python.exe,bugdotjar.py,camel,44
python.exe,bugdotjar.py,camel,45
python.exe,bugdotjar.py,camel,46
python.exe,bugdotjar.py,camel,47
python.exe,bugdotjar.py,camel,48
python.exe,bugdotjar.py,camel,49
python.exe,bugdotjar.py,camel,50
python.exe,bugdotjar.py,camel,51
python.exe,bugdotjar.py,camel,52
python.exe,bugdotjar.py,camel,53
python.exe,bugdotjar.py,camel,54
python.exe,bugdotjar.py,camel,55
python.exe,bugdotjar.py,camel,56
python.exe,bugdotjar.py,camel,57
python.exe,bugdotjar.py,camel,58
python.exe,bugdotjar.py,camel,59
python.exe,bugdotjar.py,camel,60
python.exe,bugdotjar.py,camel,61
python.exe,bugdotjar.py,camel,62
python.exe,bugdotjar.py,camel,63
python.exe,bugdotjar.py,camel,64
python.exe,bugdotjar.py,camel,65
python.exe,bugdotjar.py,camel,66
python.exe,bugdotjar.py,camel,67
python.exe,bugdotjar.py,camel,68
python.exe,bugdotjar.py,camel,69
python.exe,bugdotjar.py,camel,70
python.exe,bugdotjar.py,camel,71
python.exe,bugdotjar.py,camel,72
python.exe,bugdotjar.py,camel,73
python.exe,bugdotjar.py,camel,74
python.exe,bugdotjar.py,camel,75
python.exe,bugdotjar.py,camel,76
python.exe,bugdotjar.py,camel,77
python.exe,bugdotjar.py,camel,78
python.exe,bugdotjar.py,camel,79
python.exe,bugdotjar.py,camel,80
python.exe,bugdotjar.py,camel,81
python.exe,bugdotjar.py,camel,82
python.exe,bugdotjar.py,camel,83
python.exe,bugdotjar.py,camel,84
python.exe,bugdotjar.py,camel,85
python.exe,bugdotjar.py,camel,86
python.exe,bugdotjar.py,camel,87
python.exe,bugdotjar.py,camel,88
python.exe,bugdotjar.py,camel,89
python.exe,bugdotjar.py,camel,90
python.exe,bugdotjar.py,camel,91
python.exe,bugdotjar.py,camel,92
python.exe,bugdotjar.py,camel,93
python.exe,bugdotjar.py,camel,94
python.exe,bugdotjar.py,camel,95
python.exe,bugdotjar.py,camel,96
python.exe,bugdotjar.py,camel,97
python.exe,bugdotjar.py,camel,98
python.exe,bugdotjar.py,camel,99
python.exe,bugdotjar.py,camel,100
python.exe,bugdotjar.py,camel,101
python.exe,bugdotjar.py,camel,102
python.exe,bugdotjar.py,camel,103
python.exe,bugdotjar.py,camel,104
python.exe,bugdotjar.py,camel,105
python.exe,bugdotjar.py,camel,106
python.exe,bugdotjar.py,camel,107
python.exe,bugdotjar.py,camel,108
python.exe,bugdotjar.py,camel,109
python.exe,bugdotjar.py,camel,110
python.exe,bugdotjar.py,camel,111
python.exe,bugdotjar.py,camel,112
python.exe,bugdotjar.py,camel,113
python.exe,bugdotjar.py,camel,114
python.exe,bugdotjar.py,camel,115
python.exe,bugdotjar.py,camel,116
python.exe,bugdotjar.py,camel,117
python.exe,bugdotjar.py,camel,118
python.exe,bugdotjar.py,camel,119
python.exe,bugdotjar.py,camel,120
python.exe,bugdotjar.py,camel,121
python.exe,bugdotjar.py,camel,122
python.exe,bugdotjar.py,camel,123
python.exe,bugdotjar.py,camel,124
python.exe,bugdotjar.py,camel,125
python.exe,bugdotjar.py,camel,126
python.exe,bugdotjar.py,camel,127
python.exe,bugdotjar.py,camel,128
python.exe,bugdotjar.py,camel,129
python.exe,bugdotjar.py,camel,130
python.exe,bugdotjar.py,camel,131
python.exe,bugdotjar.py,camel,132
python.exe,bugdotjar.py,camel,133
python.exe,bugdotjar.py,camel,134
python.exe,bugdotjar.py,camel,135
python.exe,bugdotjar.py,camel,136
python.exe,bugdotjar.py,camel,137
python.exe,bugdotjar.py,camel,138
python.exe,bugdotjar.py,camel,139
python.exe,bugdotjar.py,camel,140
python.exe,bugdotjar.py,camel,141
python.exe,bugdotjar.py,camel,142
python.exe,bugdotjar.py,camel,143
python.exe,bugdotjar.py,camel,144
python.exe,bugdotjar.py,camel,145
python.exe,bugdotjar.py,camel,146
