python,d4j_lang.py,0
python,d4j_lang.py,1
python,d4j_lang.py,2
python,d4j_lang.py,3
python,d4j_lang.py,4
python,d4j_lang.py,5
python,d4j_lang.py,6
python,d4j_lang.py,7
python,d4j_lang.py,8
python,d4j_lang.py,9
python,d4j_lang.py,10
python,d4j_lang.py,11
python,d4j_lang.py,12
python,d4j_lang.py,13
python,d4j_lang.py,14
python,d4j_lang.py,15
python,d4j_lang.py,16
python,d4j_lang.py,17
python,d4j_lang.py,18
python,d4j_lang.py,19
python,d4j_lang.py,20
python,d4j_lang.py,21
python,d4j_lang.py,22
python,d4j_lang.py,23
python,d4j_lang.py,24
python,d4j_lang.py,25
python,d4j_lang.py,26
python,d4j_lang.py,27
python,d4j_lang.py,28
python,d4j_lang.py,29
python,d4j_lang.py,30
python,d4j_lang.py,31
python,d4j_lang.py,32
python,d4j_lang.py,33
python,d4j_lang.py,34
python,d4j_lang.py,35
python,d4j_lang.py,36
python,d4j_lang.py,37
python,d4j_lang.py,38
python,d4j_lang.py,39
python,d4j_lang.py,40
python,d4j_lang.py,41
python,d4j_lang.py,42
python,d4j_lang.py,43
python,d4j_lang.py,44
python,d4j_lang.py,45
python,d4j_lang.py,46
python,d4j_lang.py,47
python,d4j_lang.py,48
python,d4j_lang.py,49
python,d4j_lang.py,50
python,d4j_lang.py,51
python,d4j_lang.py,52
python,d4j_lang.py,53
python,d4j_lang.py,54
python,d4j_lang.py,55
python,d4j_lang.py,56
python,d4j_lang.py,57
python,d4j_lang.py,58
python,d4j_lang.py,59
python,d4j_lang.py,60
python,d4j_lang.py,61
python,d4j_lang.py,62
python,d4j_lang.py,63
python,d4j_lang.py,64
python,d4j_lang.py,65
python,d4j_lang.py,66