python,experiment.py,0
python,experiment.py,1
python,experiment.py,2
python,experiment.py,3
python,experiment.py,4
python,experiment.py,5
python,experiment.py,6
python,experiment.py,7
python,experiment.py,8
python,experiment.py,9
python,experiment.py,10
python,experiment.py,11
python,experiment.py,12
python,experiment.py,13
python,experiment.py,14
python,experiment.py,15
python,experiment.py,16
python,experiment.py,17
python,experiment.py,18
python,experiment.py,19
python,experiment.py,20
python,experiment.py,21
python,experiment.py,22
python,experiment.py,23
python,experiment.py,24
python,experiment.py,25
python,experiment.py,26
python,experiment.py,27
python,experiment.py,28
python,experiment.py,29
python,experiment.py,30
python,experiment.py,31
python,experiment.py,32
python,experiment.py,33
python,experiment.py,34
python,experiment.py,35
python,experiment.py,36
python,experiment.py,37
python,experiment.py,38
python,experiment.py,39
python,experiment.py,40
python,experiment.py,41
python,experiment.py,42
python,experiment.py,43
python,experiment.py,44
python,experiment.py,45
python,experiment.py,46
python,experiment.py,47
python,experiment.py,48
python,experiment.py,49
python,experiment.py,50
python,experiment.py,51
python,experiment.py,52
python,experiment.py,53
python,experiment.py,54
python,experiment.py,55
python,experiment.py,56
python,experiment.py,57
python,experiment.py,58
python,experiment.py,59
python,experiment.py,60
python,experiment.py,61
python,experiment.py,62
python,experiment.py,63
python,experiment.py,64
python,experiment.py,65
python,experiment.py,66