python,feature_extraction.py,0
python,feature_extraction.py,1
python,feature_extraction.py,2
python,feature_extraction.py,3
python,feature_extraction.py,4
python,feature_extraction.py,5
python,feature_extraction.py,6
python,feature_extraction.py,7
python,feature_extraction.py,8
python,feature_extraction.py,9
python,feature_extraction.py,10
python,feature_extraction.py,11
python,feature_extraction.py,12
python,feature_extraction.py,13
python,feature_extraction.py,14
python,feature_extraction.py,15
python,feature_extraction.py,16
python,feature_extraction.py,17
python,feature_extraction.py,18
python,feature_extraction.py,19
python,feature_extraction.py,20
python,feature_extraction.py,21
python,feature_extraction.py,22
python,feature_extraction.py,23
python,feature_extraction.py,24
python,feature_extraction.py,25
python,feature_extraction.py,26
python,feature_extraction.py,27
python,feature_extraction.py,28
python,feature_extraction.py,29
python,feature_extraction.py,30
python,feature_extraction.py,31
python,feature_extraction.py,32
python,feature_extraction.py,33
python,feature_extraction.py,34
python,feature_extraction.py,35
python,feature_extraction.py,36
python,feature_extraction.py,37
python,feature_extraction.py,38
python,feature_extraction.py,39
python,feature_extraction.py,40
python,feature_extraction.py,41
python,feature_extraction.py,42
python,feature_extraction.py,43
python,feature_extraction.py,44
python,feature_extraction.py,45
python,feature_extraction.py,46
python,feature_extraction.py,47
python,feature_extraction.py,48
python,feature_extraction.py,49
python,feature_extraction.py,50
python,feature_extraction.py,51
python,feature_extraction.py,52
python,feature_extraction.py,53
python,feature_extraction.py,54
python,feature_extraction.py,55
python,feature_extraction.py,56
python,feature_extraction.py,57
python,feature_extraction.py,58
python,feature_extraction.py,59
python,feature_extraction.py,60
python,feature_extraction.py,61
python,feature_extraction.py,62
python,feature_extraction.py,63
python,feature_extraction.py,64
python,feature_extraction.py,65
python,feature_extraction.py,66