python.exe,bugdotjar.py,flink,0
python.exe,bugdotjar.py,flink,1
python.exe,bugdotjar.py,flink,2
python.exe,bugdotjar.py,flink,3
python.exe,bugdotjar.py,flink,4
python.exe,bugdotjar.py,flink,5
python.exe,bugdotjar.py,flink,6
python.exe,bugdotjar.py,flink,7
python.exe,bugdotjar.py,flink,8
python.exe,bugdotjar.py,flink,9
python.exe,bugdotjar.py,flink,10
python.exe,bugdotjar.py,flink,11
python.exe,bugdotjar.py,flink,12
python.exe,bugdotjar.py,flink,13
python.exe,bugdotjar.py,flink,14
python.exe,bugdotjar.py,flink,15
python.exe,bugdotjar.py,flink,16
python.exe,bugdotjar.py,flink,17
python.exe,bugdotjar.py,flink,18
python.exe,bugdotjar.py,flink,19
python.exe,bugdotjar.py,flink,20
python.exe,bugdotjar.py,flink,21
python.exe,bugdotjar.py,flink,22
python.exe,bugdotjar.py,flink,23
python.exe,bugdotjar.py,flink,24
python.exe,bugdotjar.py,flink,25
python.exe,bugdotjar.py,flink,26
python.exe,bugdotjar.py,flink,27
python.exe,bugdotjar.py,flink,28
python.exe,bugdotjar.py,flink,29
python.exe,bugdotjar.py,flink,30
python.exe,bugdotjar.py,flink,31
python.exe,bugdotjar.py,flink,32
python.exe,bugdotjar.py,flink,33
python.exe,bugdotjar.py,flink,34
python.exe,bugdotjar.py,flink,35
python.exe,bugdotjar.py,flink,36
python.exe,bugdotjar.py,flink,37
python.exe,bugdotjar.py,flink,38
python.exe,bugdotjar.py,flink,39
python.exe,bugdotjar.py,flink,40
python.exe,bugdotjar.py,flink,41
python.exe,bugdotjar.py,flink,42
python.exe,bugdotjar.py,flink,43
python.exe,bugdotjar.py,flink,44
python.exe,bugdotjar.py,flink,45
python.exe,bugdotjar.py,flink,46
python.exe,bugdotjar.py,flink,47
python.exe,bugdotjar.py,flink,48
python.exe,bugdotjar.py,flink,49
python.exe,bugdotjar.py,flink,50
python.exe,bugdotjar.py,flink,51
python.exe,bugdotjar.py,flink,52
python.exe,bugdotjar.py,flink,53
python.exe,bugdotjar.py,flink,54
python.exe,bugdotjar.py,flink,55
python.exe,bugdotjar.py,flink,56
python.exe,bugdotjar.py,flink,57
python.exe,bugdotjar.py,flink,58
python.exe,bugdotjar.py,flink,59
python.exe,bugdotjar.py,flink,60
python.exe,bugdotjar.py,flink,61
python.exe,bugdotjar.py,flink,62
python.exe,bugdotjar.py,flink,63
python.exe,bugdotjar.py,flink,64
python.exe,bugdotjar.py,flink,65
python.exe,bugdotjar.py,flink,66
python.exe,bugdotjar.py,flink,67
python.exe,bugdotjar.py,flink,68
python.exe,bugdotjar.py,flink,69
