python.exe,bugdotjar.py,jackrabbit-oak,0
python.exe,bugdotjar.py,jackrabbit-oak,1
python.exe,bugdotjar.py,jackrabbit-oak,2
python.exe,bugdotjar.py,jackrabbit-oak,3
python.exe,bugdotjar.py,jackrabbit-oak,4
python.exe,bugdotjar.py,jackrabbit-oak,5
python.exe,bugdotjar.py,jackrabbit-oak,6
python.exe,bugdotjar.py,jackrabbit-oak,7
python.exe,bugdotjar.py,jackrabbit-oak,8
python.exe,bugdotjar.py,jackrabbit-oak,9
python.exe,bugdotjar.py,jackrabbit-oak,10
python.exe,bugdotjar.py,jackrabbit-oak,11
python.exe,bugdotjar.py,jackrabbit-oak,12
python.exe,bugdotjar.py,jackrabbit-oak,13
python.exe,bugdotjar.py,jackrabbit-oak,14
python.exe,bugdotjar.py,jackrabbit-oak,15
python.exe,bugdotjar.py,jackrabbit-oak,16
python.exe,bugdotjar.py,jackrabbit-oak,17
python.exe,bugdotjar.py,jackrabbit-oak,18
python.exe,bugdotjar.py,jackrabbit-oak,19
python.exe,bugdotjar.py,jackrabbit-oak,20
python.exe,bugdotjar.py,jackrabbit-oak,21
python.exe,bugdotjar.py,jackrabbit-oak,22
python.exe,bugdotjar.py,jackrabbit-oak,23
python.exe,bugdotjar.py,jackrabbit-oak,24
python.exe,bugdotjar.py,jackrabbit-oak,25
python.exe,bugdotjar.py,jackrabbit-oak,26
python.exe,bugdotjar.py,jackrabbit-oak,27
python.exe,bugdotjar.py,jackrabbit-oak,28
python.exe,bugdotjar.py,jackrabbit-oak,29
python.exe,bugdotjar.py,jackrabbit-oak,30
python.exe,bugdotjar.py,jackrabbit-oak,31
python.exe,bugdotjar.py,jackrabbit-oak,32
python.exe,bugdotjar.py,jackrabbit-oak,33
python.exe,bugdotjar.py,jackrabbit-oak,34
python.exe,bugdotjar.py,jackrabbit-oak,35
python.exe,bugdotjar.py,jackrabbit-oak,36
python.exe,bugdotjar.py,jackrabbit-oak,37
python.exe,bugdotjar.py,jackrabbit-oak,38
python.exe,bugdotjar.py,jackrabbit-oak,39
python.exe,bugdotjar.py,jackrabbit-oak,40
python.exe,bugdotjar.py,jackrabbit-oak,41
python.exe,bugdotjar.py,jackrabbit-oak,42
python.exe,bugdotjar.py,jackrabbit-oak,43
python.exe,bugdotjar.py,jackrabbit-oak,44
python.exe,bugdotjar.py,jackrabbit-oak,45
python.exe,bugdotjar.py,jackrabbit-oak,46
python.exe,bugdotjar.py,jackrabbit-oak,47
python.exe,bugdotjar.py,jackrabbit-oak,48
python.exe,bugdotjar.py,jackrabbit-oak,49
python.exe,bugdotjar.py,jackrabbit-oak,50
python.exe,bugdotjar.py,jackrabbit-oak,51
python.exe,bugdotjar.py,jackrabbit-oak,52
python.exe,bugdotjar.py,jackrabbit-oak,53
python.exe,bugdotjar.py,jackrabbit-oak,54
python.exe,bugdotjar.py,jackrabbit-oak,55
python.exe,bugdotjar.py,jackrabbit-oak,56
python.exe,bugdotjar.py,jackrabbit-oak,57
python.exe,bugdotjar.py,jackrabbit-oak,58
python.exe,bugdotjar.py,jackrabbit-oak,59
python.exe,bugdotjar.py,jackrabbit-oak,60
python.exe,bugdotjar.py,jackrabbit-oak,61
python.exe,bugdotjar.py,jackrabbit-oak,62
python.exe,bugdotjar.py,jackrabbit-oak,63
python.exe,bugdotjar.py,jackrabbit-oak,64
python.exe,bugdotjar.py,jackrabbit-oak,65
python.exe,bugdotjar.py,jackrabbit-oak,66
python.exe,bugdotjar.py,jackrabbit-oak,67
python.exe,bugdotjar.py,jackrabbit-oak,68
python.exe,bugdotjar.py,jackrabbit-oak,69
python.exe,bugdotjar.py,jackrabbit-oak,70
python.exe,bugdotjar.py,jackrabbit-oak,71
python.exe,bugdotjar.py,jackrabbit-oak,72
python.exe,bugdotjar.py,jackrabbit-oak,73
python.exe,bugdotjar.py,jackrabbit-oak,74
python.exe,bugdotjar.py,jackrabbit-oak,75
python.exe,bugdotjar.py,jackrabbit-oak,76
python.exe,bugdotjar.py,jackrabbit-oak,77
python.exe,bugdotjar.py,jackrabbit-oak,78
python.exe,bugdotjar.py,jackrabbit-oak,79
python.exe,bugdotjar.py,jackrabbit-oak,80
python.exe,bugdotjar.py,jackrabbit-oak,81
python.exe,bugdotjar.py,jackrabbit-oak,82
python.exe,bugdotjar.py,jackrabbit-oak,83
python.exe,bugdotjar.py,jackrabbit-oak,84
python.exe,bugdotjar.py,jackrabbit-oak,85
python.exe,bugdotjar.py,jackrabbit-oak,86
python.exe,bugdotjar.py,jackrabbit-oak,87
python.exe,bugdotjar.py,jackrabbit-oak,88
python.exe,bugdotjar.py,jackrabbit-oak,89
python.exe,bugdotjar.py,jackrabbit-oak,90
python.exe,bugdotjar.py,jackrabbit-oak,91
python.exe,bugdotjar.py,jackrabbit-oak,92
python.exe,bugdotjar.py,jackrabbit-oak,93
python.exe,bugdotjar.py,jackrabbit-oak,94
python.exe,bugdotjar.py,jackrabbit-oak,95
python.exe,bugdotjar.py,jackrabbit-oak,96
python.exe,bugdotjar.py,jackrabbit-oak,97
python.exe,bugdotjar.py,jackrabbit-oak,98
python.exe,bugdotjar.py,jackrabbit-oak,99
python.exe,bugdotjar.py,jackrabbit-oak,100
python.exe,bugdotjar.py,jackrabbit-oak,101
python.exe,bugdotjar.py,jackrabbit-oak,102
python.exe,bugdotjar.py,jackrabbit-oak,103
python.exe,bugdotjar.py,jackrabbit-oak,104
python.exe,bugdotjar.py,jackrabbit-oak,105
python.exe,bugdotjar.py,jackrabbit-oak,106
python.exe,bugdotjar.py,jackrabbit-oak,107
python.exe,bugdotjar.py,jackrabbit-oak,108
python.exe,bugdotjar.py,jackrabbit-oak,109
python.exe,bugdotjar.py,jackrabbit-oak,110
python.exe,bugdotjar.py,jackrabbit-oak,111
python.exe,bugdotjar.py,jackrabbit-oak,112
python.exe,bugdotjar.py,jackrabbit-oak,113
python.exe,bugdotjar.py,jackrabbit-oak,114
python.exe,bugdotjar.py,jackrabbit-oak,115
python.exe,bugdotjar.py,jackrabbit-oak,116
python.exe,bugdotjar.py,jackrabbit-oak,117
python.exe,bugdotjar.py,jackrabbit-oak,118
python.exe,bugdotjar.py,jackrabbit-oak,119
python.exe,bugdotjar.py,jackrabbit-oak,120
python.exe,bugdotjar.py,jackrabbit-oak,121
python.exe,bugdotjar.py,jackrabbit-oak,122
python.exe,bugdotjar.py,jackrabbit-oak,123
python.exe,bugdotjar.py,jackrabbit-oak,124
python.exe,bugdotjar.py,jackrabbit-oak,125
python.exe,bugdotjar.py,jackrabbit-oak,126
python.exe,bugdotjar.py,jackrabbit-oak,127
python.exe,bugdotjar.py,jackrabbit-oak,128
python.exe,bugdotjar.py,jackrabbit-oak,129
python.exe,bugdotjar.py,jackrabbit-oak,130
python.exe,bugdotjar.py,jackrabbit-oak,131
python.exe,bugdotjar.py,jackrabbit-oak,132
python.exe,bugdotjar.py,jackrabbit-oak,133
python.exe,bugdotjar.py,jackrabbit-oak,134
python.exe,bugdotjar.py,jackrabbit-oak,135
python.exe,bugdotjar.py,jackrabbit-oak,136
python.exe,bugdotjar.py,jackrabbit-oak,137
python.exe,bugdotjar.py,jackrabbit-oak,138
python.exe,bugdotjar.py,jackrabbit-oak,139
python.exe,bugdotjar.py,jackrabbit-oak,140
python.exe,bugdotjar.py,jackrabbit-oak,141
python.exe,bugdotjar.py,jackrabbit-oak,142
python.exe,bugdotjar.py,jackrabbit-oak,143
python.exe,bugdotjar.py,jackrabbit-oak,144
python.exe,bugdotjar.py,jackrabbit-oak,145
python.exe,bugdotjar.py,jackrabbit-oak,146
python.exe,bugdotjar.py,jackrabbit-oak,147
python.exe,bugdotjar.py,jackrabbit-oak,148
python.exe,bugdotjar.py,jackrabbit-oak,149
python.exe,bugdotjar.py,jackrabbit-oak,150
python.exe,bugdotjar.py,jackrabbit-oak,151
python.exe,bugdotjar.py,jackrabbit-oak,152
python.exe,bugdotjar.py,jackrabbit-oak,153
python.exe,bugdotjar.py,jackrabbit-oak,154
python.exe,bugdotjar.py,jackrabbit-oak,155
python.exe,bugdotjar.py,jackrabbit-oak,156
python.exe,bugdotjar.py,jackrabbit-oak,157
python.exe,bugdotjar.py,jackrabbit-oak,158
python.exe,bugdotjar.py,jackrabbit-oak,159
python.exe,bugdotjar.py,jackrabbit-oak,160
python.exe,bugdotjar.py,jackrabbit-oak,161
python.exe,bugdotjar.py,jackrabbit-oak,162
python.exe,bugdotjar.py,jackrabbit-oak,163
python.exe,bugdotjar.py,jackrabbit-oak,164
python.exe,bugdotjar.py,jackrabbit-oak,165
python.exe,bugdotjar.py,jackrabbit-oak,166
python.exe,bugdotjar.py,jackrabbit-oak,167
python.exe,bugdotjar.py,jackrabbit-oak,168
python.exe,bugdotjar.py,jackrabbit-oak,169
python.exe,bugdotjar.py,jackrabbit-oak,170
python.exe,bugdotjar.py,jackrabbit-oak,171
python.exe,bugdotjar.py,jackrabbit-oak,172
python.exe,bugdotjar.py,jackrabbit-oak,173
python.exe,bugdotjar.py,jackrabbit-oak,174
python.exe,bugdotjar.py,jackrabbit-oak,175
python.exe,bugdotjar.py,jackrabbit-oak,176
python.exe,bugdotjar.py,jackrabbit-oak,177
python.exe,bugdotjar.py,jackrabbit-oak,178
python.exe,bugdotjar.py,jackrabbit-oak,179
python.exe,bugdotjar.py,jackrabbit-oak,180
python.exe,bugdotjar.py,jackrabbit-oak,181
python.exe,bugdotjar.py,jackrabbit-oak,182
python.exe,bugdotjar.py,jackrabbit-oak,183
python.exe,bugdotjar.py,jackrabbit-oak,184
python.exe,bugdotjar.py,jackrabbit-oak,185
python.exe,bugdotjar.py,jackrabbit-oak,186
python.exe,bugdotjar.py,jackrabbit-oak,187
python.exe,bugdotjar.py,jackrabbit-oak,188
python.exe,bugdotjar.py,jackrabbit-oak,189
python.exe,bugdotjar.py,jackrabbit-oak,190
python.exe,bugdotjar.py,jackrabbit-oak,191
python.exe,bugdotjar.py,jackrabbit-oak,192
python.exe,bugdotjar.py,jackrabbit-oak,193
python.exe,bugdotjar.py,jackrabbit-oak,194
python.exe,bugdotjar.py,jackrabbit-oak,195
python.exe,bugdotjar.py,jackrabbit-oak,196
python.exe,bugdotjar.py,jackrabbit-oak,197
python.exe,bugdotjar.py,jackrabbit-oak,198
python.exe,bugdotjar.py,jackrabbit-oak,199
python.exe,bugdotjar.py,jackrabbit-oak,200
python.exe,bugdotjar.py,jackrabbit-oak,201
python.exe,bugdotjar.py,jackrabbit-oak,202
python.exe,bugdotjar.py,jackrabbit-oak,203
python.exe,bugdotjar.py,jackrabbit-oak,204
python.exe,bugdotjar.py,jackrabbit-oak,205
python.exe,bugdotjar.py,jackrabbit-oak,206
python.exe,bugdotjar.py,jackrabbit-oak,207
python.exe,bugdotjar.py,jackrabbit-oak,208
python.exe,bugdotjar.py,jackrabbit-oak,209
python.exe,bugdotjar.py,jackrabbit-oak,210
python.exe,bugdotjar.py,jackrabbit-oak,211
python.exe,bugdotjar.py,jackrabbit-oak,212
python.exe,bugdotjar.py,jackrabbit-oak,213
python.exe,bugdotjar.py,jackrabbit-oak,214
python.exe,bugdotjar.py,jackrabbit-oak,215
python.exe,bugdotjar.py,jackrabbit-oak,216
python.exe,bugdotjar.py,jackrabbit-oak,217
python.exe,bugdotjar.py,jackrabbit-oak,218
python.exe,bugdotjar.py,jackrabbit-oak,219
python.exe,bugdotjar.py,jackrabbit-oak,220
python.exe,bugdotjar.py,jackrabbit-oak,221
python.exe,bugdotjar.py,jackrabbit-oak,222
python.exe,bugdotjar.py,jackrabbit-oak,223
python.exe,bugdotjar.py,jackrabbit-oak,224
python.exe,bugdotjar.py,jackrabbit-oak,225
python.exe,bugdotjar.py,jackrabbit-oak,226
python.exe,bugdotjar.py,jackrabbit-oak,227
python.exe,bugdotjar.py,jackrabbit-oak,228
python.exe,bugdotjar.py,jackrabbit-oak,229
python.exe,bugdotjar.py,jackrabbit-oak,230
python.exe,bugdotjar.py,jackrabbit-oak,231
python.exe,bugdotjar.py,jackrabbit-oak,232
python.exe,bugdotjar.py,jackrabbit-oak,233
python.exe,bugdotjar.py,jackrabbit-oak,234
python.exe,bugdotjar.py,jackrabbit-oak,235
python.exe,bugdotjar.py,jackrabbit-oak,236
python.exe,bugdotjar.py,jackrabbit-oak,237
python.exe,bugdotjar.py,jackrabbit-oak,238
python.exe,bugdotjar.py,jackrabbit-oak,239
python.exe,bugdotjar.py,jackrabbit-oak,240
python.exe,bugdotjar.py,jackrabbit-oak,241
python.exe,bugdotjar.py,jackrabbit-oak,242
python.exe,bugdotjar.py,jackrabbit-oak,243
python.exe,bugdotjar.py,jackrabbit-oak,244
python.exe,bugdotjar.py,jackrabbit-oak,245
python.exe,bugdotjar.py,jackrabbit-oak,246
python.exe,bugdotjar.py,jackrabbit-oak,247
python.exe,bugdotjar.py,jackrabbit-oak,248
python.exe,bugdotjar.py,jackrabbit-oak,249
python.exe,bugdotjar.py,jackrabbit-oak,250
python.exe,bugdotjar.py,jackrabbit-oak,251
python.exe,bugdotjar.py,jackrabbit-oak,252
python.exe,bugdotjar.py,jackrabbit-oak,253
python.exe,bugdotjar.py,jackrabbit-oak,254
python.exe,bugdotjar.py,jackrabbit-oak,255
python.exe,bugdotjar.py,jackrabbit-oak,256
python.exe,bugdotjar.py,jackrabbit-oak,257
python.exe,bugdotjar.py,jackrabbit-oak,258
python.exe,bugdotjar.py,jackrabbit-oak,259
python.exe,bugdotjar.py,jackrabbit-oak,260
python.exe,bugdotjar.py,jackrabbit-oak,261
python.exe,bugdotjar.py,jackrabbit-oak,262
python.exe,bugdotjar.py,jackrabbit-oak,263
python.exe,bugdotjar.py,jackrabbit-oak,264
python.exe,bugdotjar.py,jackrabbit-oak,265
python.exe,bugdotjar.py,jackrabbit-oak,266
python.exe,bugdotjar.py,jackrabbit-oak,267
python.exe,bugdotjar.py,jackrabbit-oak,268
python.exe,bugdotjar.py,jackrabbit-oak,269
python.exe,bugdotjar.py,jackrabbit-oak,270
python.exe,bugdotjar.py,jackrabbit-oak,271
python.exe,bugdotjar.py,jackrabbit-oak,272
python.exe,bugdotjar.py,jackrabbit-oak,273
python.exe,bugdotjar.py,jackrabbit-oak,274
python.exe,bugdotjar.py,jackrabbit-oak,275
python.exe,bugdotjar.py,jackrabbit-oak,276
python.exe,bugdotjar.py,jackrabbit-oak,277
