python,sanity_experiment.py,0
python,sanity_experiment.py,1
python,sanity_experiment.py,2
python,sanity_experiment.py,3
python,sanity_experiment.py,4
python,sanity_experiment.py,5
python,sanity_experiment.py,6
python,sanity_experiment.py,7
python,sanity_experiment.py,8
python,sanity_experiment.py,9
python,sanity_experiment.py,10
python,sanity_experiment.py,11
python,sanity_experiment.py,12
python,sanity_experiment.py,13
python,sanity_experiment.py,14
python,sanity_experiment.py,15
python,sanity_experiment.py,16
python,sanity_experiment.py,17
python,sanity_experiment.py,18
python,sanity_experiment.py,19
python,sanity_experiment.py,20
python,sanity_experiment.py,21
python,sanity_experiment.py,22
python,sanity_experiment.py,23
python,sanity_experiment.py,24
python,sanity_experiment.py,25
python,sanity_experiment.py,26
python,sanity_experiment.py,27
python,sanity_experiment.py,28
python,sanity_experiment.py,29
python,sanity_experiment.py,30
python,sanity_experiment.py,31
python,sanity_experiment.py,32
python,sanity_experiment.py,33
python,sanity_experiment.py,34
python,sanity_experiment.py,35
python,sanity_experiment.py,36
python,sanity_experiment.py,37
python,sanity_experiment.py,38
python,sanity_experiment.py,39
python,sanity_experiment.py,40
python,sanity_experiment.py,41
python,sanity_experiment.py,42
python,sanity_experiment.py,43
python,sanity_experiment.py,44
python,sanity_experiment.py,45
python,sanity_experiment.py,46
python,sanity_experiment.py,47
python,sanity_experiment.py,48
python,sanity_experiment.py,49
python,sanity_experiment.py,50
python,sanity_experiment.py,51
python,sanity_experiment.py,52
python,sanity_experiment.py,53
python,sanity_experiment.py,54
python,sanity_experiment.py,55
python,sanity_experiment.py,56
python,sanity_experiment.py,57
python,sanity_experiment.py,58
python,sanity_experiment.py,59
python,sanity_experiment.py,60
python,sanity_experiment.py,61
python,sanity_experiment.py,62
python,sanity_experiment.py,63
python,sanity_experiment.py,64
python,sanity_experiment.py,65
python,sanity_experiment.py,66