python.exe,bugdotjar.py,wicket,0
python.exe,bugdotjar.py,wicket,1
python.exe,bugdotjar.py,wicket,2
python.exe,bugdotjar.py,wicket,3
python.exe,bugdotjar.py,wicket,4
python.exe,bugdotjar.py,wicket,5
python.exe,bugdotjar.py,wicket,6
python.exe,bugdotjar.py,wicket,7
python.exe,bugdotjar.py,wicket,8
python.exe,bugdotjar.py,wicket,9
python.exe,bugdotjar.py,wicket,10
python.exe,bugdotjar.py,wicket,11
python.exe,bugdotjar.py,wicket,12
python.exe,bugdotjar.py,wicket,13
python.exe,bugdotjar.py,wicket,14
python.exe,bugdotjar.py,wicket,15
python.exe,bugdotjar.py,wicket,16
python.exe,bugdotjar.py,wicket,17
python.exe,bugdotjar.py,wicket,18
python.exe,bugdotjar.py,wicket,19
python.exe,bugdotjar.py,wicket,20
python.exe,bugdotjar.py,wicket,21
python.exe,bugdotjar.py,wicket,22
python.exe,bugdotjar.py,wicket,23
python.exe,bugdotjar.py,wicket,24
python.exe,bugdotjar.py,wicket,25
python.exe,bugdotjar.py,wicket,26
python.exe,bugdotjar.py,wicket,27
python.exe,bugdotjar.py,wicket,28
python.exe,bugdotjar.py,wicket,29
python.exe,bugdotjar.py,wicket,30
python.exe,bugdotjar.py,wicket,31
python.exe,bugdotjar.py,wicket,32
python.exe,bugdotjar.py,wicket,33
python.exe,bugdotjar.py,wicket,34
python.exe,bugdotjar.py,wicket,35
python.exe,bugdotjar.py,wicket,36
python.exe,bugdotjar.py,wicket,37
python.exe,bugdotjar.py,wicket,38
python.exe,bugdotjar.py,wicket,39
python.exe,bugdotjar.py,wicket,40
python.exe,bugdotjar.py,wicket,41
python.exe,bugdotjar.py,wicket,42
python.exe,bugdotjar.py,wicket,43
python.exe,bugdotjar.py,wicket,44
python.exe,bugdotjar.py,wicket,45
python.exe,bugdotjar.py,wicket,46
python.exe,bugdotjar.py,wicket,47
python.exe,bugdotjar.py,wicket,48
python.exe,bugdotjar.py,wicket,49
python.exe,bugdotjar.py,wicket,50
python.exe,bugdotjar.py,wicket,51
python.exe,bugdotjar.py,wicket,52
python.exe,bugdotjar.py,wicket,53
python.exe,bugdotjar.py,wicket,54
python.exe,bugdotjar.py,wicket,55
python.exe,bugdotjar.py,wicket,56
python.exe,bugdotjar.py,wicket,57
python.exe,bugdotjar.py,wicket,58
python.exe,bugdotjar.py,wicket,59
python.exe,bugdotjar.py,wicket,60
python.exe,bugdotjar.py,wicket,61
python.exe,bugdotjar.py,wicket,62
python.exe,bugdotjar.py,wicket,63
python.exe,bugdotjar.py,wicket,64
python.exe,bugdotjar.py,wicket,65
python.exe,bugdotjar.py,wicket,66
python.exe,bugdotjar.py,wicket,67
python.exe,bugdotjar.py,wicket,68
python.exe,bugdotjar.py,wicket,69
python.exe,bugdotjar.py,wicket,70
python.exe,bugdotjar.py,wicket,71
python.exe,bugdotjar.py,wicket,72
python.exe,bugdotjar.py,wicket,73
python.exe,bugdotjar.py,wicket,74
python.exe,bugdotjar.py,wicket,75
python.exe,bugdotjar.py,wicket,76
python.exe,bugdotjar.py,wicket,77
python.exe,bugdotjar.py,wicket,78
python.exe,bugdotjar.py,wicket,79
python.exe,bugdotjar.py,wicket,80
python.exe,bugdotjar.py,wicket,81
python.exe,bugdotjar.py,wicket,82
python.exe,bugdotjar.py,wicket,83
python.exe,bugdotjar.py,wicket,84
python.exe,bugdotjar.py,wicket,85
python.exe,bugdotjar.py,wicket,86
python.exe,bugdotjar.py,wicket,87
python.exe,bugdotjar.py,wicket,88
python.exe,bugdotjar.py,wicket,89
python.exe,bugdotjar.py,wicket,90
python.exe,bugdotjar.py,wicket,91
python.exe,bugdotjar.py,wicket,92
python.exe,bugdotjar.py,wicket,93
python.exe,bugdotjar.py,wicket,94
python.exe,bugdotjar.py,wicket,95
python.exe,bugdotjar.py,wicket,96
python.exe,bugdotjar.py,wicket,97
python.exe,bugdotjar.py,wicket,98
python.exe,bugdotjar.py,wicket,99
python.exe,bugdotjar.py,wicket,100
python.exe,bugdotjar.py,wicket,101
python.exe,bugdotjar.py,wicket,102
python.exe,bugdotjar.py,wicket,103
python.exe,bugdotjar.py,wicket,104
python.exe,bugdotjar.py,wicket,105
python.exe,bugdotjar.py,wicket,106
python.exe,bugdotjar.py,wicket,107
python.exe,bugdotjar.py,wicket,108
python.exe,bugdotjar.py,wicket,109
python.exe,bugdotjar.py,wicket,110
python.exe,bugdotjar.py,wicket,111
python.exe,bugdotjar.py,wicket,112
python.exe,bugdotjar.py,wicket,113
python.exe,bugdotjar.py,wicket,114
python.exe,bugdotjar.py,wicket,115
python.exe,bugdotjar.py,wicket,116
python.exe,bugdotjar.py,wicket,117
python.exe,bugdotjar.py,wicket,118
python.exe,bugdotjar.py,wicket,119
python.exe,bugdotjar.py,wicket,120
python.exe,bugdotjar.py,wicket,121
python.exe,bugdotjar.py,wicket,122
python.exe,bugdotjar.py,wicket,123
python.exe,bugdotjar.py,wicket,124
python.exe,bugdotjar.py,wicket,125
python.exe,bugdotjar.py,wicket,126
python.exe,bugdotjar.py,wicket,127
python.exe,bugdotjar.py,wicket,128
python.exe,bugdotjar.py,wicket,129
python.exe,bugdotjar.py,wicket,130
python.exe,bugdotjar.py,wicket,131
python.exe,bugdotjar.py,wicket,132
python.exe,bugdotjar.py,wicket,133
python.exe,bugdotjar.py,wicket,134
python.exe,bugdotjar.py,wicket,135
python.exe,bugdotjar.py,wicket,136
python.exe,bugdotjar.py,wicket,137
python.exe,bugdotjar.py,wicket,138
python.exe,bugdotjar.py,wicket,139
python.exe,bugdotjar.py,wicket,140
python.exe,bugdotjar.py,wicket,141
python.exe,bugdotjar.py,wicket,142
python.exe,bugdotjar.py,wicket,143
python.exe,bugdotjar.py,wicket,144
python.exe,bugdotjar.py,wicket,145
python.exe,bugdotjar.py,wicket,146
python.exe,bugdotjar.py,wicket,147
python.exe,bugdotjar.py,wicket,148
python.exe,bugdotjar.py,wicket,149
python.exe,bugdotjar.py,wicket,150
python.exe,bugdotjar.py,wicket,151
python.exe,bugdotjar.py,wicket,152
python.exe,bugdotjar.py,wicket,153
python.exe,bugdotjar.py,wicket,154
python.exe,bugdotjar.py,wicket,155
python.exe,bugdotjar.py,wicket,156
python.exe,bugdotjar.py,wicket,157
python.exe,bugdotjar.py,wicket,158
python.exe,bugdotjar.py,wicket,159
python.exe,bugdotjar.py,wicket,160
python.exe,bugdotjar.py,wicket,161
python.exe,bugdotjar.py,wicket,162
python.exe,bugdotjar.py,wicket,163
python.exe,bugdotjar.py,wicket,164
python.exe,bugdotjar.py,wicket,165
python.exe,bugdotjar.py,wicket,166
python.exe,bugdotjar.py,wicket,167
python.exe,bugdotjar.py,wicket,168
python.exe,bugdotjar.py,wicket,169
python.exe,bugdotjar.py,wicket,170
python.exe,bugdotjar.py,wicket,171
python.exe,bugdotjar.py,wicket,172
python.exe,bugdotjar.py,wicket,173
python.exe,bugdotjar.py,wicket,174
python.exe,bugdotjar.py,wicket,175
python.exe,bugdotjar.py,wicket,176
python.exe,bugdotjar.py,wicket,177
python.exe,bugdotjar.py,wicket,178
python.exe,bugdotjar.py,wicket,179
python.exe,bugdotjar.py,wicket,180
python.exe,bugdotjar.py,wicket,181
python.exe,bugdotjar.py,wicket,182
python.exe,bugdotjar.py,wicket,183
python.exe,bugdotjar.py,wicket,184
python.exe,bugdotjar.py,wicket,185
python.exe,bugdotjar.py,wicket,186
python.exe,bugdotjar.py,wicket,187
python.exe,bugdotjar.py,wicket,188
python.exe,bugdotjar.py,wicket,189
python.exe,bugdotjar.py,wicket,190
python.exe,bugdotjar.py,wicket,191
python.exe,bugdotjar.py,wicket,192
python.exe,bugdotjar.py,wicket,193
python.exe,bugdotjar.py,wicket,194
python.exe,bugdotjar.py,wicket,195
python.exe,bugdotjar.py,wicket,196
python.exe,bugdotjar.py,wicket,197
python.exe,bugdotjar.py,wicket,198
python.exe,bugdotjar.py,wicket,199
python.exe,bugdotjar.py,wicket,200
python.exe,bugdotjar.py,wicket,201
python.exe,bugdotjar.py,wicket,202
python.exe,bugdotjar.py,wicket,203
python.exe,bugdotjar.py,wicket,204
python.exe,bugdotjar.py,wicket,205
python.exe,bugdotjar.py,wicket,206
python.exe,bugdotjar.py,wicket,207
python.exe,bugdotjar.py,wicket,208
python.exe,bugdotjar.py,wicket,209
python.exe,bugdotjar.py,wicket,210
python.exe,bugdotjar.py,wicket,211
python.exe,bugdotjar.py,wicket,212
python.exe,bugdotjar.py,wicket,213
python.exe,bugdotjar.py,wicket,214
python.exe,bugdotjar.py,wicket,215
python.exe,bugdotjar.py,wicket,216
python.exe,bugdotjar.py,wicket,217
python.exe,bugdotjar.py,wicket,218
python.exe,bugdotjar.py,wicket,219
python.exe,bugdotjar.py,wicket,220
python.exe,bugdotjar.py,wicket,221
python.exe,bugdotjar.py,wicket,222
python.exe,bugdotjar.py,wicket,223
python.exe,bugdotjar.py,wicket,224
python.exe,bugdotjar.py,wicket,225
python.exe,bugdotjar.py,wicket,226
python.exe,bugdotjar.py,wicket,227
python.exe,bugdotjar.py,wicket,228
python.exe,bugdotjar.py,wicket,229
python.exe,bugdotjar.py,wicket,230
python.exe,bugdotjar.py,wicket,231
python.exe,bugdotjar.py,wicket,232
python.exe,bugdotjar.py,wicket,233
python.exe,bugdotjar.py,wicket,234
python.exe,bugdotjar.py,wicket,235
python.exe,bugdotjar.py,wicket,236
python.exe,bugdotjar.py,wicket,237
python.exe,bugdotjar.py,wicket,238
python.exe,bugdotjar.py,wicket,239
python.exe,bugdotjar.py,wicket,240
python.exe,bugdotjar.py,wicket,241
python.exe,bugdotjar.py,wicket,242
python.exe,bugdotjar.py,wicket,243
python.exe,bugdotjar.py,wicket,244
python.exe,bugdotjar.py,wicket,245
python.exe,bugdotjar.py,wicket,246
python.exe,bugdotjar.py,wicket,247
python.exe,bugdotjar.py,wicket,248
python.exe,bugdotjar.py,wicket,249
python.exe,bugdotjar.py,wicket,250
python.exe,bugdotjar.py,wicket,251
python.exe,bugdotjar.py,wicket,252
python.exe,bugdotjar.py,wicket,253
python.exe,bugdotjar.py,wicket,254
python.exe,bugdotjar.py,wicket,255
python.exe,bugdotjar.py,wicket,256
python.exe,bugdotjar.py,wicket,257
python.exe,bugdotjar.py,wicket,258
python.exe,bugdotjar.py,wicket,259
python.exe,bugdotjar.py,wicket,260
python.exe,bugdotjar.py,wicket,261
python.exe,bugdotjar.py,wicket,262
python.exe,bugdotjar.py,wicket,263
python.exe,bugdotjar.py,wicket,264
python.exe,bugdotjar.py,wicket,265
python.exe,bugdotjar.py,wicket,266
python.exe,bugdotjar.py,wicket,267
python.exe,bugdotjar.py,wicket,268
python.exe,bugdotjar.py,wicket,269
python.exe,bugdotjar.py,wicket,270
python.exe,bugdotjar.py,wicket,271
python.exe,bugdotjar.py,wicket,272
python.exe,bugdotjar.py,wicket,273
python.exe,bugdotjar.py,wicket,274
python.exe,bugdotjar.py,wicket,275
python.exe,bugdotjar.py,wicket,276
python.exe,bugdotjar.py,wicket,277
python.exe,bugdotjar.py,wicket,278
python.exe,bugdotjar.py,wicket,279
python.exe,bugdotjar.py,wicket,280
python.exe,bugdotjar.py,wicket,281
python.exe,bugdotjar.py,wicket,282
python.exe,bugdotjar.py,wicket,283
python.exe,bugdotjar.py,wicket,284
python.exe,bugdotjar.py,wicket,285
python.exe,bugdotjar.py,wicket,286
python.exe,bugdotjar.py,wicket,287
python.exe,bugdotjar.py,wicket,288
